{
    "$schema": "https://schema.management.azure.com/schemas/2015-01-01/deploymentParameters.json#",
    "contentVersion": "1.0.0.0",
    "parameters": {
        "connections_slack_name": {
            "value": null
        },
        "connections_azureblob_name": {
            "value": null
        },
        "connections_azureblob_1_name": {
            "value": null
        },
        "connections_azuretables_name": {
            "value": null
        },
        "connections_formrecognizer_1_name": {
            "value": null
        },
        "sites_secure_file_share_upload_name": {
            "value": null
        },
        "workflows_secure_file_share_app_name": {
            "value": null
        },
        "vaults_akv_secure_file_storage_name": {
            "value": null
        },
        "storageAccounts_securefileshareblob_name": {
            "value": null
        },
        "serverfarms_ASP_rgsecurefilesharing_9b63_name": {
            "value": null
        },
        "accounts_secure_file_vision_name": {
            "value": null
        },
        "storageAccounts_securefilestrainingdata_name": {
            "value": null
        },
        "connections_cognitiveservicescomputervision_name": {
            "value": null
        },
        "accounts_securefileshare_document_classifier_name": {
            "value": null
        }
    }
}