{
    "$schema": "https://schema.management.azure.com/schemas/2019-04-01/deploymentTemplate.json#",
    "contentVersion": "1.0.0.0",
    "parameters": {
        "connections_slack_name": {
            "defaultValue": "slack",
            "type": "String"
        },
        "connections_azureblob_name": {
            "defaultValue": "azureblob",
            "type": "String"
        },
        "connections_azureblob_1_name": {
            "defaultValue": "azureblob-1",
            "type": "String"
        },
        "connections_azuretables_name": {
            "defaultValue": "azuretables",
            "type": "String"
        },
        "connections_formrecognizer_1_name": {
            "defaultValue": "formrecognizer-1",
            "type": "String"
        },
        "sites_secure_file_share_upload_name": {
            "defaultValue": "secure-file-share-upload",
            "type": "String"
        },
        "workflows_secure_file_share_app_name": {
            "defaultValue": "secure-file-share-app",
            "type": "String"
        },
        "vaults_akv_secure_file_storage_name": {
            "defaultValue": "akv-secure-file-storage",
            "type": "String"
        },
        "storageAccounts_securefileshareblob_name": {
            "defaultValue": "securefileshareblob",
            "type": "String"
        },
        "serverfarms_ASP_rgsecurefilesharing_9b63_name": {
            "defaultValue": "ASP-rgsecurefilesharing-9b63",
            "type": "String"
        },
        "accounts_secure_file_vision_name": {
            "defaultValue": "secure-file-vision",
            "type": "String"
        },
        "storageAccounts_securefilestrainingdata_name": {
            "defaultValue": "securefilestrainingdata",
            "type": "String"
        },
        "connections_cognitiveservicescomputervision_name": {
            "defaultValue": "cognitiveservicescomputervision",
            "type": "String"
        },
        "accounts_securefileshare_document_classifier_name": {
            "defaultValue": "securefileshare-document-classifier",
            "type": "String"
        }
    },
    "variables": {},
    "resources": [
        {
            "type": "Microsoft.CognitiveServices/accounts",
            "apiVersion": "2024-10-01",
            "name": "[parameters('accounts_securefileshare_document_classifier_name')]",
            "location": "eastus",
            "sku": {
                "name": "S0"
            },
            "kind": "FormRecognizer",
            "identity": {
                "type": "SystemAssigned"
            },
            "properties": {
                "customSubDomainName": "[parameters('accounts_securefileshare_document_classifier_name')]",
                "networkAcls": {
                    "defaultAction": "Allow",
                    "virtualNetworkRules": [],
                    "ipRules": []
                },
                "publicNetworkAccess": "Enabled"
            }
        },
        {
            "type": "Microsoft.CognitiveServices/accounts",
            "apiVersion": "2024-10-01",
            "name": "[parameters('accounts_secure_file_vision_name')]",
            "location": "centralus",
            "sku": {
                "name": "S1"
            },
            "kind": "ComputerVision",
            "identity": {
                "type": "None"
            },
            "properties": {
                "customSubDomainName": "[parameters('accounts_secure_file_vision_name')]",
                "networkAcls": {
                    "defaultAction": "Allow",
                    "virtualNetworkRules": [],
                    "ipRules": []
                },
                "publicNetworkAccess": "Enabled"
            }
        },
        {
            "type": "Microsoft.KeyVault/vaults",
            "apiVersion": "2024-12-01-preview",
            "name": "[parameters('vaults_akv_secure_file_storage_name')]",
            "location": "centralus",
            "properties": {
                "sku": {
                    "family": "A",
                    "name": "Standard"
                },
                "tenantId": "27119da6-822e-4c9c-8ca0-532473196f57",
                "networkAcls": {
                    "bypass": "None",
                    "defaultAction": "Allow",
                    "ipRules": [],
                    "virtualNetworkRules": []
                },
                "accessPolicies": [],
                "enabledForDeployment": false,
                "enabledForDiskEncryption": false,
                "enabledForTemplateDeployment": false,
                "enableSoftDelete": true,
                "softDeleteRetentionInDays": 7,
                "enableRbacAuthorization": true,
                "vaultUri": "[concat('https://', parameters('vaults_akv_secure_file_storage_name'), '.vault.azure.net/')]",
                "provisioningState": "Succeeded",
                "publicNetworkAccess": "Enabled"
            }
        },
        {
            "type": "Microsoft.Storage/storageAccounts",
            "apiVersion": "2024-01-01",
            "name": "[parameters('storageAccounts_securefilestrainingdata_name')]",
            "location": "centralus",
            "sku": {
                "name": "Standard_LRS",
                "tier": "Standard"
            },
            "kind": "BlobStorage",
            "properties": {
                "allowCrossTenantReplication": false,
                "minimumTlsVersion": "TLS1_0",
                "allowBlobPublicAccess": false,
                "networkAcls": {
                    "bypass": "AzureServices",
                    "virtualNetworkRules": [],
                    "ipRules": [],
                    "defaultAction": "Allow"
                },
                "supportsHttpsTrafficOnly": true,
                "encryption": {
                    "services": {
                        "file": {
                            "keyType": "Account",
                            "enabled": true
                        },
                        "blob": {
                            "keyType": "Account",
                            "enabled": true
                        }
                    },
                    "keySource": "Microsoft.Storage"
                },
                "accessTier": "Hot"
            }
        },
        {
            "type": "Microsoft.Web/connections",
            "apiVersion": "2016-06-01",
            "name": "[parameters('connections_azureblob_name')]",
            "location": "centralus",
            "kind": "V1",
            "properties": {
                "displayName": "secure-file-blob-connection",
                "statuses": [
                    {
                        "status": "Ready"
                    }
                ],
                "customParameterValues": {},
                "createdTime": "2025-03-15T22:55:25.3181901Z",
                "changedTime": "2025-03-15T22:55:25.3181901Z",
                "api": {
                    "name": "[parameters('connections_azureblob_name')]",
                    "displayName": "Azure Blob Storage",
                    "description": "Microsoft Azure Storage provides a massively scalable, durable, and highly available storage for data on the cloud, and serves as the data storage solution for modern applications. Connect to Blob Storage to perform various operations such as create, update, get and delete on blobs in your Azure Storage account.",
                    "iconUri": "[concat('https://conn-afd-prod-endpoint-bmc9bqahasf3grgk.b01.azurefd.net/releases/v1.0.1739/1.0.1739.4138/', parameters('connections_azureblob_name'), '/icon.png')]",
                    "brandColor": "#804998",
                    "id": "[concat('/subscriptions/e688846d-8859-48e3-9e57-6a154aae5394/providers/Microsoft.Web/locations/centralus/managedApis/', parameters('connections_azureblob_name'))]",
                    "type": "Microsoft.Web/locations/managedApis"
                },
                "testLinks": [
                    {
                        "requestUri": "[concat('https://management.azure.com:443/subscriptions/e688846d-8859-48e3-9e57-6a154aae5394/resourceGroups/rg-secure-file-sharing/providers/Microsoft.Web/connections/', parameters('connections_azureblob_name'), '/extensions/proxy/testconnection?api-version=2016-06-01')]",
                        "method": "get"
                    }
                ]
            }
        },
        {
            "type": "Microsoft.Web/connections",
            "apiVersion": "2016-06-01",
            "name": "[parameters('connections_azureblob_1_name')]",
            "location": "centralus",
            "kind": "V1",
            "properties": {
                "displayName": "akey-blob",
                "statuses": [
                    {
                        "status": "Connected"
                    }
                ],
                "customParameterValues": {},
                "createdTime": "2025-03-20T02:38:43.9586146Z",
                "changedTime": "2025-03-20T02:38:43.9586146Z",
                "api": {
                    "name": "azureblob",
                    "displayName": "Azure Blob Storage",
                    "description": "Microsoft Azure Storage provides a massively scalable, durable, and highly available storage for data on the cloud, and serves as the data storage solution for modern applications. Connect to Blob Storage to perform various operations such as create, update, get and delete on blobs in your Azure Storage account.",
                    "iconUri": "https://conn-afd-prod-endpoint-bmc9bqahasf3grgk.b01.azurefd.net/releases/v1.0.1739/1.0.1739.4138/azureblob/icon.png",
                    "brandColor": "#804998",
                    "id": "/subscriptions/e688846d-8859-48e3-9e57-6a154aae5394/providers/Microsoft.Web/locations/centralus/managedApis/azureblob",
                    "type": "Microsoft.Web/locations/managedApis"
                },
                "testLinks": [
                    {
                        "requestUri": "[concat('https://management.azure.com:443/subscriptions/e688846d-8859-48e3-9e57-6a154aae5394/resourceGroups/rg-secure-file-sharing/providers/Microsoft.Web/connections/', parameters('connections_azureblob_1_name'), '/extensions/proxy/testconnection?api-version=2016-06-01')]",
                        "method": "get"
                    }
                ]
            }
        },
        {
            "type": "Microsoft.Web/connections",
            "apiVersion": "2016-06-01",
            "name": "[parameters('connections_azuretables_name')]",
            "location": "centralus",
            "kind": "V1",
            "properties": {
                "displayName": "table-conne",
                "statuses": [
                    {
                        "status": "Ready"
                    }
                ],
                "customParameterValues": {},
                "createdTime": "2025-03-25T16:36:04.4967324Z",
                "changedTime": "2025-03-25T16:36:04.4967324Z",
                "api": {
                    "name": "[parameters('connections_azuretables_name')]",
                    "displayName": "Azure Table Storage",
                    "description": "Azure Table storage is a service that stores structured NoSQL data in the cloud, providing a key/attribute store with a schemaless design. Sign into your Storage account to create, update, and query tables and more.",
                    "iconUri": "[concat('https://conn-afd-prod-endpoint-bmc9bqahasf3grgk.b01.azurefd.net/releases/v1.0.1734/1.0.1734.4092/', parameters('connections_azuretables_name'), '/icon.png')]",
                    "brandColor": "#804998",
                    "id": "[concat('/subscriptions/e688846d-8859-48e3-9e57-6a154aae5394/providers/Microsoft.Web/locations/centralus/managedApis/', parameters('connections_azuretables_name'))]",
                    "type": "Microsoft.Web/locations/managedApis"
                },
                "testLinks": [
                    {
                        "requestUri": "[concat('https://management.azure.com:443/subscriptions/e688846d-8859-48e3-9e57-6a154aae5394/resourceGroups/rg-secure-file-sharing/providers/Microsoft.Web/connections/', parameters('connections_azuretables_name'), '/extensions/proxy/testConnection?api-version=2016-06-01')]",
                        "method": "get"
                    }
                ]
            }
        },
        {
            "type": "Microsoft.Web/connections",
            "apiVersion": "2016-06-01",
            "name": "[parameters('connections_cognitiveservicescomputervision_name')]",
            "location": "centralus",
            "kind": "V1",
            "properties": {
                "displayName": "secure-comp-vision",
                "statuses": [
                    {
                        "status": "Connected"
                    }
                ],
                "customParameterValues": {},
                "createdTime": "2025-03-18T02:47:49.8398063Z",
                "changedTime": "2025-03-18T02:47:49.8398063Z",
                "api": {
                    "name": "[parameters('connections_cognitiveservicescomputervision_name')]",
                    "displayName": "Computer Vision API",
                    "description": "Extract rich information from images to categorize and process visual data—and protect your users from unwanted content with this Azure Cognitive Service.",
                    "iconUri": "[concat('https://conn-afd-prod-endpoint-bmc9bqahasf3grgk.b01.azurefd.net/releases/v1.0.1680/1.0.1680.3652/', parameters('connections_cognitiveservicescomputervision_name'), '/icon.png')]",
                    "brandColor": "#1267AE",
                    "id": "[concat('/subscriptions/e688846d-8859-48e3-9e57-6a154aae5394/providers/Microsoft.Web/locations/centralus/managedApis/', parameters('connections_cognitiveservicescomputervision_name'))]",
                    "type": "Microsoft.Web/locations/managedApis"
                },
                "testLinks": [
                    {
                        "requestUri": "[concat('https://management.azure.com:443/subscriptions/e688846d-8859-48e3-9e57-6a154aae5394/resourceGroups/rg-secure-file-sharing/providers/Microsoft.Web/connections/', parameters('connections_cognitiveservicescomputervision_name'), '/extensions/proxy/vision/v2.0/models?api-version=2016-06-01')]",
                        "method": "get"
                    }
                ]
            }
        },
        {
            "type": "Microsoft.Web/connections",
            "apiVersion": "2016-06-01",
            "name": "[parameters('connections_formrecognizer_1_name')]",
            "location": "centralus",
            "kind": "V1",
            "properties": {
                "displayName": "doc-classifier-ai",
                "statuses": [
                    {
                        "status": "Connected"
                    }
                ],
                "customParameterValues": {},
                "nonSecretParameterValues": {
                    "siteUrl": "https://securefileshare-document-classifier.cognitiveservices.azure.com/"
                },
                "createdTime": "2025-03-16T04:15:18.3873361Z",
                "changedTime": "2025-03-16T04:15:18.3873361Z",
                "api": {
                    "name": "formrecognizer",
                    "displayName": "Azure AI Document Intelligence (form recognizer)",
                    "description": "Extracts text (printed and handwritten OCR) and additional information (tables, checkboxes, fields / key value pairs) from PDFs, images or Microsoft Office documents and forms into structured data based on pre-trained models (layout, invoice, receipt, id, business card) or custom model created by a set of representative training forms using AI powered document understanding.",
                    "iconUri": "https://conn-afd-prod-endpoint-bmc9bqahasf3grgk.b01.azurefd.net/releases/v1.0.1732/1.0.1732.4070/formrecognizer/icon.png",
                    "brandColor": "#0063B1",
                    "id": "/subscriptions/e688846d-8859-48e3-9e57-6a154aae5394/providers/Microsoft.Web/locations/centralus/managedApis/formrecognizer",
                    "type": "Microsoft.Web/locations/managedApis"
                },
                "testLinks": []
            }
        },
        {
            "type": "Microsoft.Web/connections",
            "apiVersion": "2016-06-01",
            "name": "[parameters('connections_slack_name')]",
            "location": "centralus",
            "kind": "V1",
            "properties": {
                "displayName": "Slack",
                "statuses": [
                    {
                        "status": "Connected"
                    }
                ],
                "customParameterValues": {},
                "nonSecretParameterValues": {},
                "createdTime": "2025-03-22T04:25:44.6794004Z",
                "changedTime": "2025-03-22T04:25:56.3516924Z",
                "api": {
                    "name": "[parameters('connections_slack_name')]",
                    "displayName": "Slack",
                    "description": "Slack is a team communication tool, that brings together all of your team communications in one place, instantly searchable and available wherever you go.",
                    "iconUri": "[concat('https://conn-afd-prod-endpoint-bmc9bqahasf3grgk.b01.azurefd.net/u/v-anadhar/UpdateSlackForPlugin/1.0.1715.3917/', parameters('connections_slack_name'), '/icon.png')]",
                    "brandColor": "#78D4B6",
                    "id": "[concat('/subscriptions/e688846d-8859-48e3-9e57-6a154aae5394/providers/Microsoft.Web/locations/centralus/managedApis/', parameters('connections_slack_name'))]",
                    "type": "Microsoft.Web/locations/managedApis"
                },
                "testLinks": [
                    {
                        "requestUri": "[concat('https://management.azure.com:443/subscriptions/e688846d-8859-48e3-9e57-6a154aae5394/resourceGroups/rg-secure-file-sharing/providers/Microsoft.Web/connections/', parameters('connections_slack_name'), '/extensions/proxy/conversations.list?api-version=2016-06-01')]",
                        "method": "get"
                    }
                ]
            }
        },
        {
            "type": "Microsoft.Web/serverfarms",
            "apiVersion": "2024-04-01",
            "name": "[parameters('serverfarms_ASP_rgsecurefilesharing_9b63_name')]",
            "location": "Central US",
            "sku": {
                "name": "B1",
                "tier": "Basic",
                "size": "B1",
                "family": "B",
                "capacity": 1
            },
            "kind": "linux",
            "properties": {
                "perSiteScaling": false,
                "elasticScaleEnabled": false,
                "maximumElasticWorkerCount": 1,
                "isSpot": false,
                "reserved": true,
                "isXenon": false,
                "hyperV": false,
                "targetWorkerCount": 0,
                "targetWorkerSizeId": 0,
                "zoneRedundant": false
            }
        },
        {
            "type": "Microsoft.KeyVault/vaults/secrets",
            "apiVersion": "2024-12-01-preview",
            "name": "[concat(parameters('vaults_akv_secure_file_storage_name'), '/storage-conn-str')]",
            "location": "centralus",
            "dependsOn": [
                "[resourceId('Microsoft.KeyVault/vaults', parameters('vaults_akv_secure_file_storage_name'))]"
            ],
            "properties": {
                "attributes": {
                    "enabled": true
                }
            }
        },
        {
            "type": "Microsoft.Storage/storageAccounts",
            "apiVersion": "2024-01-01",
            "name": "[parameters('storageAccounts_securefileshareblob_name')]",
            "location": "centralus",
            "dependsOn": [
                "[resourceId('Microsoft.Logic/workflows', parameters('workflows_secure_file_share_app_name'))]"
            ],
            "sku": {
                "name": "Standard_LRS",
                "tier": "Standard"
            },
            "kind": "StorageV2",
            "properties": {
                "dnsEndpointType": "Standard",
                "defaultToOAuthAuthentication": false,
                "publicNetworkAccess": "Enabled",
                "allowCrossTenantReplication": false,
                "minimumTlsVersion": "TLS1_2",
                "allowBlobPublicAccess": false,
                "allowSharedKeyAccess": true,
                "largeFileSharesState": "Enabled",
                "networkAcls": {
                    "resourceAccessRules": [
                        {
                            "tenantId": "27119da6-822e-4c9c-8ca0-532473196f57",
                            "resourceId": "[resourceId('Microsoft.Logic/workflows', parameters('workflows_secure_file_share_app_name'))]"
                        }
                    ],
                    "bypass": "AzureServices",
                    "virtualNetworkRules": [],
                    "ipRules": [
                        {
                            "value": "99.183.132.189",
                            "action": "Allow"
                        }
                    ],
                    "defaultAction": "Allow"
                },
                "supportsHttpsTrafficOnly": true,
                "encryption": {
                    "requireInfrastructureEncryption": false,
                    "services": {
                        "file": {
                            "keyType": "Account",
                            "enabled": true
                        },
                        "blob": {
                            "keyType": "Account",
                            "enabled": true
                        }
                    },
                    "keySource": "Microsoft.Storage"
                },
                "accessTier": "Hot"
            }
        },
        {
            "type": "Microsoft.Storage/storageAccounts/blobServices",
            "apiVersion": "2024-01-01",
            "name": "[concat(parameters('storageAccounts_securefileshareblob_name'), '/default')]",
            "dependsOn": [
                "[resourceId('Microsoft.Storage/storageAccounts', parameters('storageAccounts_securefileshareblob_name'))]"
            ],
            "sku": {
                "name": "Standard_LRS",
                "tier": "Standard"
            },
            "properties": {
                "cors": {
                    "corsRules": []
                },
                "deleteRetentionPolicy": {
                    "allowPermanentDelete": false,
                    "enabled": false
                }
            }
        },
        {
            "type": "Microsoft.Storage/storageAccounts/blobServices",
            "apiVersion": "2024-01-01",
            "name": "[concat(parameters('storageAccounts_securefilestrainingdata_name'), '/default')]",
            "dependsOn": [
                "[resourceId('Microsoft.Storage/storageAccounts', parameters('storageAccounts_securefilestrainingdata_name'))]"
            ],
            "sku": {
                "name": "Standard_LRS",
                "tier": "Standard"
            },
            "properties": {
                "cors": {
                    "corsRules": [
                        {
                            "allowedOrigins": [
                                "https://documentintelligence.ai.azure.com"
                            ],
                            "allowedMethods": [
                                "DELETE",
                                "GET",
                                "HEAD",
                                "MERGE",
                                "OPTIONS",
                                "PATCH",
                                "POST",
                                "PUT"
                            ],
                            "maxAgeInSeconds": 120,
                            "exposedHeaders": [
                                "*"
                            ],
                            "allowedHeaders": [
                                "*"
                            ]
                        }
                    ]
                },
                "deleteRetentionPolicy": {
                    "allowPermanentDelete": false,
                    "enabled": false
                }
            }
        },
        {
            "type": "Microsoft.Storage/storageAccounts/fileServices",
            "apiVersion": "2024-01-01",
            "name": "[concat(parameters('storageAccounts_securefileshareblob_name'), '/default')]",
            "dependsOn": [
                "[resourceId('Microsoft.Storage/storageAccounts', parameters('storageAccounts_securefileshareblob_name'))]"
            ],
            "sku": {
                "name": "Standard_LRS",
                "tier": "Standard"
            },
            "properties": {
                "protocolSettings": {
                    "smb": {}
                },
                "cors": {
                    "corsRules": []
                },
                "shareDeleteRetentionPolicy": {
                    "enabled": false,
                    "days": 0
                }
            }
        },
        {
            "type": "Microsoft.Storage/storageAccounts/queueServices",
            "apiVersion": "2024-01-01",
            "name": "[concat(parameters('storageAccounts_securefileshareblob_name'), '/default')]",
            "dependsOn": [
                "[resourceId('Microsoft.Storage/storageAccounts', parameters('storageAccounts_securefileshareblob_name'))]"
            ],
            "properties": {
                "cors": {
                    "corsRules": []
                }
            }
        },
        {
            "type": "Microsoft.Storage/storageAccounts/tableServices",
            "apiVersion": "2024-01-01",
            "name": "[concat(parameters('storageAccounts_securefileshareblob_name'), '/default')]",
            "dependsOn": [
                "[resourceId('Microsoft.Storage/storageAccounts', parameters('storageAccounts_securefileshareblob_name'))]"
            ],
            "properties": {
                "cors": {
                    "corsRules": []
                }
            }
        },
        {
            "type": "Microsoft.Web/sites",
            "apiVersion": "2024-04-01",
            "name": "[parameters('sites_secure_file_share_upload_name')]",
            "location": "Central US",
            "dependsOn": [
                "[resourceId('Microsoft.Web/serverfarms', parameters('serverfarms_ASP_rgsecurefilesharing_9b63_name'))]"
            ],
            "kind": "app,linux",
            "identity": {
                "type": "SystemAssigned"
            },
            "properties": {
                "enabled": true,
                "hostNameSslStates": [
                    {
                        "name": "[concat(parameters('sites_secure_file_share_upload_name'), '.azurewebsites.net')]",
                        "sslState": "Disabled",
                        "hostType": "Standard"
                    },
                    {
                        "name": "[concat(parameters('sites_secure_file_share_upload_name'), '.scm.azurewebsites.net')]",
                        "sslState": "Disabled",
                        "hostType": "Repository"
                    }
                ],
                "serverFarmId": "[resourceId('Microsoft.Web/serverfarms', parameters('serverfarms_ASP_rgsecurefilesharing_9b63_name'))]",
                "reserved": true,
                "isXenon": false,
                "hyperV": false,
                "dnsConfiguration": {},
                "vnetRouteAllEnabled": false,
                "vnetImagePullEnabled": false,
                "vnetContentShareEnabled": false,
                "siteConfig": {
                    "numberOfWorkers": 1,
                    "linuxFxVersion": "PYTHON|3.11",
                    "acrUseManagedIdentityCreds": false,
                    "alwaysOn": false,
                    "http20Enabled": false,
                    "functionAppScaleLimit": 0,
                    "minimumElasticInstanceCount": 1
                },
                "scmSiteAlsoStopped": false,
                "clientAffinityEnabled": false,
                "clientCertEnabled": false,
                "clientCertMode": "Required",
                "hostNamesDisabled": false,
                "ipMode": "IPv4",
                "vnetBackupRestoreEnabled": false,
                "customDomainVerificationId": "B75CF14B69006E667DD04395D8A2E24B3530C28A2B64811A6029FE1C74BCACA8",
                "containerSize": 0,
                "dailyMemoryTimeQuota": 0,
                "httpsOnly": true,
                "endToEndEncryptionEnabled": false,
                "redundancyMode": "None",
                "publicNetworkAccess": "Enabled",
                "storageAccountRequired": false,
                "keyVaultReferenceIdentity": "SystemAssigned"
            }
        },
        {
            "type": "Microsoft.Web/sites/basicPublishingCredentialsPolicies",
            "apiVersion": "2024-04-01",
            "name": "[concat(parameters('sites_secure_file_share_upload_name'), '/ftp')]",
            "location": "Central US",
            "dependsOn": [
                "[resourceId('Microsoft.Web/sites', parameters('sites_secure_file_share_upload_name'))]"
            ],
            "properties": {
                "allow": false
            }
        },
        {
            "type": "Microsoft.Web/sites/basicPublishingCredentialsPolicies",
            "apiVersion": "2024-04-01",
            "name": "[concat(parameters('sites_secure_file_share_upload_name'), '/scm')]",
            "location": "Central US",
            "dependsOn": [
                "[resourceId('Microsoft.Web/sites', parameters('sites_secure_file_share_upload_name'))]"
            ],
            "properties": {
                "allow": false
            }
        },
        {
            "type": "Microsoft.Web/sites/config",
            "apiVersion": "2024-04-01",
            "name": "[concat(parameters('sites_secure_file_share_upload_name'), '/web')]",
            "location": "Central US",
            "dependsOn": [
                "[resourceId('Microsoft.Web/sites', parameters('sites_secure_file_share_upload_name'))]"
            ],
            "properties": {
                "numberOfWorkers": 1,
                "defaultDocuments": [
                    "Default.htm",
                    "Default.html",
                    "Default.asp",
                    "index.htm",
                    "index.html",
                    "iisstart.htm",
                    "default.aspx",
                    "index.php",
                    "hostingstart.html"
                ],
                "netFrameworkVersion": "v4.0",
                "linuxFxVersion": "PYTHON|3.11",
                "requestTracingEnabled": false,
                "remoteDebuggingEnabled": false,
                "remoteDebuggingVersion": "VS2022",
                "httpLoggingEnabled": false,
                "acrUseManagedIdentityCreds": false,
                "logsDirectorySizeLimit": 35,
                "detailedErrorLoggingEnabled": false,
                "publishingUsername": "REDACTED",
                "scmType": "None",
                "use32BitWorkerProcess": true,
                "webSocketsEnabled": false,
                "alwaysOn": false,
                "appCommandLine": "./startup.sh",
                "managedPipelineMode": "Integrated",
                "virtualApplications": [
                    {
                        "virtualPath": "/",
                        "physicalPath": "site\\wwwroot",
                        "preloadEnabled": false
                    }
                ],
                "loadBalancing": "LeastRequests",
                "experiments": {
                    "rampUpRules": []
                },
                "autoHealEnabled": false,
                "vnetRouteAllEnabled": false,
                "vnetPrivatePortsCount": 0,
                "publicNetworkAccess": "Enabled",
                "localMySqlEnabled": false,
                "managedServiceIdentityId": 15188,
                "ipSecurityRestrictions": [
                    {
                        "ipAddress": "Any",
                        "action": "Allow",
                        "priority": 2147483647,
                        "name": "Allow all",
                        "description": "Allow all access"
                    }
                ],
                "scmIpSecurityRestrictions": [
                    {
                        "ipAddress": "Any",
                        "action": "Allow",
                        "priority": 2147483647,
                        "name": "Allow all",
                        "description": "Allow all access"
                    }
                ],
                "scmIpSecurityRestrictionsUseMain": false,
                "http20Enabled": false,
                "minTlsVersion": "1.2",
                "scmMinTlsVersion": "1.2",
                "ftpsState": "FtpsOnly",
                "preWarmedInstanceCount": 0,
                "elasticWebAppScaleLimit": 0,
                "functionsRuntimeScaleMonitoringEnabled": false,
                "minimumElasticInstanceCount": 1,
                "azureStorageAccounts": {}
            }
        },
        {
            "type": "Microsoft.Web/sites/deployments",
            "apiVersion": "2024-04-01",
            "name": "[concat(parameters('sites_secure_file_share_upload_name'), '/19e764d4-0925-11f0-bc79-764b9d73750f')]",
            "location": "Central US",
            "dependsOn": [
                "[resourceId('Microsoft.Web/sites', parameters('sites_secure_file_share_upload_name'))]"
            ],
            "properties": {
                "status": 4,
                "author_email": "N/A",
                "author": "N/A",
                "deployer": "OneDeploy",
                "message": "OneDeploy",
                "start_time": "2025-03-25T02:59:15.3985647Z",
                "end_time": "2025-03-25T02:59:18.5976201Z",
                "active": false
            }
        },
        {
            "type": "Microsoft.Web/sites/deployments",
            "apiVersion": "2024-04-01",
            "name": "[concat(parameters('sites_secure_file_share_upload_name'), '/5087ae62-0985-11f0-91ba-764b9d73750f')]",
            "location": "Central US",
            "dependsOn": [
                "[resourceId('Microsoft.Web/sites', parameters('sites_secure_file_share_upload_name'))]"
            ],
            "properties": {
                "status": 4,
                "author_email": "N/A",
                "author": "N/A",
                "deployer": "OneDeploy",
                "message": "OneDeploy",
                "start_time": "2025-03-25T14:27:55.527785Z",
                "end_time": "2025-03-25T14:27:57.2533733Z",
                "active": true
            }
        },
        {
            "type": "Microsoft.Web/sites/deployments",
            "apiVersion": "2024-04-01",
            "name": "[concat(parameters('sites_secure_file_share_upload_name'), '/6e32a662-0983-11f0-8e11-764b9d73750f')]",
            "location": "Central US",
            "dependsOn": [
                "[resourceId('Microsoft.Web/sites', parameters('sites_secure_file_share_upload_name'))]"
            ],
            "properties": {
                "status": 4,
                "author_email": "N/A",
                "author": "N/A",
                "deployer": "OneDeploy",
                "message": "OneDeploy",
                "start_time": "2025-03-25T14:14:27.553794Z",
                "end_time": "2025-03-25T14:14:29.6109657Z",
                "active": false
            }
        },
        {
            "type": "Microsoft.Web/sites/deployments",
            "apiVersion": "2024-04-01",
            "name": "[concat(parameters('sites_secure_file_share_upload_name'), '/72c6a438-092b-11f0-a20c-764b9d73750f')]",
            "location": "Central US",
            "dependsOn": [
                "[resourceId('Microsoft.Web/sites', parameters('sites_secure_file_share_upload_name'))]"
            ],
            "properties": {
                "status": 4,
                "author_email": "N/A",
                "author": "N/A",
                "deployer": "OneDeploy",
                "message": "OneDeploy",
                "start_time": "2025-03-25T03:44:38.1921779Z",
                "end_time": "2025-03-25T03:44:39.9212149Z",
                "active": false
            }
        },
        {
            "type": "Microsoft.Web/sites/deployments",
            "apiVersion": "2024-04-01",
            "name": "[concat(parameters('sites_secure_file_share_upload_name'), '/a5709d00-097e-11f0-8156-764b9d73750f')]",
            "location": "Central US",
            "dependsOn": [
                "[resourceId('Microsoft.Web/sites', parameters('sites_secure_file_share_upload_name'))]"
            ],
            "properties": {
                "status": 4,
                "author_email": "N/A",
                "author": "N/A",
                "deployer": "OneDeploy",
                "message": "OneDeploy",
                "start_time": "2025-03-25T13:40:15.7155003Z",
                "end_time": "2025-03-25T13:40:18.0917915Z",
                "active": false
            }
        },
        {
            "type": "Microsoft.Web/sites/deployments",
            "apiVersion": "2024-04-01",
            "name": "[concat(parameters('sites_secure_file_share_upload_name'), '/b5817af6-a8b0-499b-b5ba-59f5798fd38a')]",
            "location": "Central US",
            "dependsOn": [
                "[resourceId('Microsoft.Web/sites', parameters('sites_secure_file_share_upload_name'))]"
            ],
            "properties": {
                "status": 4,
                "author_email": "N/A",
                "author": "N/A",
                "deployer": "OneDeploy",
                "message": "OneDeploy",
                "start_time": "2025-03-25T03:30:57.6199688Z",
                "end_time": "2025-03-25T03:30:59.1730206Z",
                "active": false
            }
        },
        {
            "type": "Microsoft.Web/sites/deployments",
            "apiVersion": "2024-04-01",
            "name": "[concat(parameters('sites_secure_file_share_upload_name'), '/c7d20556-0923-11f0-b6fe-764b9d73750f')]",
            "location": "Central US",
            "dependsOn": [
                "[resourceId('Microsoft.Web/sites', parameters('sites_secure_file_share_upload_name'))]"
            ],
            "properties": {
                "status": 4,
                "author_email": "N/A",
                "author": "N/A",
                "deployer": "OneDeploy",
                "message": "OneDeploy",
                "start_time": "2025-03-25T02:49:44.1711036Z",
                "end_time": "2025-03-25T02:49:45.7278156Z",
                "active": false
            }
        },
        {
            "type": "Microsoft.Web/sites/deployments",
            "apiVersion": "2024-04-01",
            "name": "[concat(parameters('sites_secure_file_share_upload_name'), '/d7865fae-097a-11f0-b08e-764b9d73750f')]",
            "location": "Central US",
            "dependsOn": [
                "[resourceId('Microsoft.Web/sites', parameters('sites_secure_file_share_upload_name'))]"
            ],
            "properties": {
                "status": 4,
                "author_email": "N/A",
                "author": "N/A",
                "deployer": "OneDeploy",
                "message": "OneDeploy",
                "start_time": "2025-03-25T13:12:59.2274914Z",
                "end_time": "2025-03-25T13:13:00.9974799Z",
                "active": false
            }
        },
        {
            "type": "Microsoft.Web/sites/deployments",
            "apiVersion": "2024-04-01",
            "name": "[concat(parameters('sites_secure_file_share_upload_name'), '/dcf7bf22-0926-11f0-9a87-764b9d73750f')]",
            "location": "Central US",
            "dependsOn": [
                "[resourceId('Microsoft.Web/sites', parameters('sites_secure_file_share_upload_name'))]"
            ],
            "properties": {
                "status": 4,
                "author_email": "N/A",
                "author": "N/A",
                "deployer": "OneDeploy",
                "message": "OneDeploy",
                "start_time": "2025-03-25T03:11:49.6960898Z",
                "end_time": "2025-03-25T03:11:52.3923989Z",
                "active": false
            }
        },
        {
            "type": "Microsoft.Web/sites/deployments",
            "apiVersion": "2024-04-01",
            "name": "[concat(parameters('sites_secure_file_share_upload_name'), '/fbeebf9a-091a-11f0-92fb-764b9d73750f')]",
            "location": "Central US",
            "dependsOn": [
                "[resourceId('Microsoft.Web/sites', parameters('sites_secure_file_share_upload_name'))]"
            ],
            "properties": {
                "status": 4,
                "author_email": "N/A",
                "author": "N/A",
                "deployer": "OneDeploy",
                "message": "OneDeploy",
                "start_time": "2025-03-25T01:46:46.7230525Z",
                "end_time": "2025-03-25T01:46:48.5014964Z",
                "active": false
            }
        },
        {
            "type": "Microsoft.Web/sites/hostNameBindings",
            "apiVersion": "2024-04-01",
            "name": "[concat(parameters('sites_secure_file_share_upload_name'), '/', parameters('sites_secure_file_share_upload_name'), '.azurewebsites.net')]",
            "location": "Central US",
            "dependsOn": [
                "[resourceId('Microsoft.Web/sites', parameters('sites_secure_file_share_upload_name'))]"
            ],
            "properties": {
                "siteName": "secure-file-share-upload",
                "hostNameType": "Verified"
            }
        },
        {
            "type": "Microsoft.Storage/storageAccounts/blobServices/containers",
            "apiVersion": "2024-01-01",
            "name": "[concat(parameters('storageAccounts_securefileshareblob_name'), '/default/secure-files')]",
            "dependsOn": [
                "[resourceId('Microsoft.Storage/storageAccounts/blobServices', parameters('storageAccounts_securefileshareblob_name'), 'default')]",
                "[resourceId('Microsoft.Storage/storageAccounts', parameters('storageAccounts_securefileshareblob_name'))]"
            ],
            "properties": {
                "immutableStorageWithVersioning": {
                    "enabled": false
                },
                "defaultEncryptionScope": "$account-encryption-key",
                "denyEncryptionScopeOverride": false,
                "publicAccess": "None"
            }
        },
        {
            "type": "Microsoft.Storage/storageAccounts/blobServices/containers",
            "apiVersion": "2024-01-01",
            "name": "[concat(parameters('storageAccounts_securefilestrainingdata_name'), '/default/training-data')]",
            "dependsOn": [
                "[resourceId('Microsoft.Storage/storageAccounts/blobServices', parameters('storageAccounts_securefilestrainingdata_name'), 'default')]",
                "[resourceId('Microsoft.Storage/storageAccounts', parameters('storageAccounts_securefilestrainingdata_name'))]"
            ],
            "properties": {
                "immutableStorageWithVersioning": {
                    "enabled": false
                },
                "defaultEncryptionScope": "$account-encryption-key",
                "denyEncryptionScopeOverride": false,
                "publicAccess": "None"
            }
        },
        {
            "type": "Microsoft.Storage/storageAccounts/tableServices/tables",
            "apiVersion": "2024-01-01",
            "name": "[concat(parameters('storageAccounts_securefileshareblob_name'), '/default/webappdata')]",
            "dependsOn": [
                "[resourceId('Microsoft.Storage/storageAccounts/tableServices', parameters('storageAccounts_securefileshareblob_name'), 'default')]",
                "[resourceId('Microsoft.Storage/storageAccounts', parameters('storageAccounts_securefileshareblob_name'))]"
            ],
            "properties": {}
        },
        {
            "type": "Microsoft.Logic/workflows",
            "apiVersion": "2017-07-01",
            "name": "[parameters('workflows_secure_file_share_app_name')]",
            "location": "centralus",
            "dependsOn": [
                "[resourceId('Microsoft.Web/connections', parameters('connections_azureblob_name'))]",
                "[resourceId('Microsoft.Web/connections', parameters('connections_azureblob_1_name'))]",
                "[resourceId('Microsoft.Web/connections', parameters('connections_cognitiveservicescomputervision_name'))]",
                "[resourceId('Microsoft.Web/connections', parameters('connections_formrecognizer_1_name'))]",
                "[resourceId('Microsoft.Web/connections', parameters('connections_slack_name'))]",
                "[resourceId('Microsoft.Web/connections', parameters('connections_azuretables_name'))]"
            ],
            "identity": {
                "type": "SystemAssigned"
            },
            "properties": {
                "state": "Enabled",
                "definition": {
                    "$schema": "https://schema.management.azure.com/providers/Microsoft.Logic/schemas/2016-06-01/workflowdefinition.json#",
                    "contentVersion": "1.0.0.0",
                    "parameters": {
                        "to_user": {
                            "defaultValue": " ",
                            "type": "String"
                        },
                        "$connections": {
                            "defaultValue": {},
                            "type": "Object"
                        }
                    },
                    "triggers": {
                        "When_a_blob_is_added_or_modified_(properties_only)_(V2)": {
                            "recurrence": {
                                "interval": 1,
                                "frequency": "Minute"
                            },
                            "evaluatedRecurrence": {
                                "interval": 1,
                                "frequency": "Minute"
                            },
                            "metadata": {
                                "JTJmc2VjdXJlLWZpbGVz": "/secure-files"
                            },
                            "type": "ApiConnection",
                            "inputs": {
                                "host": {
                                    "connection": {
                                        "name": "@parameters('$connections')['azureblob']['connectionId']"
                                    }
                                },
                                "method": "get",
                                "path": "/v2/datasets/@{encodeURIComponent(encodeURIComponent('https://securefileshareblob.blob.core.windows.net/'))}/triggers/batch/onupdatedfile",
                                "queries": {
                                    "folderId": "JTJmc2VjdXJlLWZpbGVz",
                                    "maxFileCount": 5,
                                    "checkBothCreatedAndModifiedDateTime": false
                                }
                            }
                        }
                    },
                    "actions": {
                        "For_each_blob": {
                            "foreach": "@triggerBody()",
                            "actions": {
                                "Test-Compose": {
                                    "type": "Compose",
                                    "inputs": "@items('For_each_blob')?['Name']"
                                },
                                "Create_SAS_URI_by_path": {
                                    "runAfter": {
                                        "Get-Value": [
                                            "Succeeded"
                                        ]
                                    },
                                    "type": "ApiConnection",
                                    "inputs": {
                                        "host": {
                                            "connection": {
                                                "name": "@parameters('$connections')['azureblob-1']['connectionId']"
                                            }
                                        },
                                        "method": "post",
                                        "body": {
                                            "Permissions": "Read",
                                            "StartTime": "@utcNow()",
                                            "ExpiryTime": "@addMinutes(utcNow(), 10, 'o')",
                                            "AccessProtocol": "HttpsOnly"
                                        },
                                        "path": "/v2/datasets/@{encodeURIComponent('securefileshareblob')}/CreateSharedLinkByPath",
                                        "queries": {
                                            "path": "@items('For_each_blob')?['Path']"
                                        }
                                    }
                                },
                                "Get-Value": {
                                    "runAfter": {
                                        "Condition": [
                                            "Succeeded"
                                        ]
                                    },
                                    "type": "Compose",
                                    "inputs": "@if(\n  greater(\n    length(coalesce(body('Classify_document_-_Image')?['analyzeResult']?['documents'], body('Classify_document_-_NonImage')?['analyzeResult']?['documents'])), \n    0\n  ), \n  coalesce(body('Classify_document_-_Image'), body('Classify_document_-_NonImage'))?['analyzeResult']?['documents'][0]?['docType'], \n  'Unknown'\n)\n"
                                },
                                "Condition": {
                                    "actions": {
                                        "OCR": {
                                            "type": "ApiConnection",
                                            "inputs": {
                                                "host": {
                                                    "connection": {
                                                        "name": "@parameters('$connections')['cognitiveservicescomputervision']['connectionId']"
                                                    }
                                                },
                                                "method": "post",
                                                "body": {
                                                    "url": "@encodeUriComponent(items('For_each_blob')?['Path'])"
                                                },
                                                "path": "/vision/v2.0/ocrtext",
                                                "queries": {
                                                    "format": "Image URL",
                                                    "language": "unk",
                                                    "detectOrientation": true
                                                }
                                            }
                                        },
                                        "Classify_document_-_Image": {
                                            "runAfter": {
                                                "OCR": [
                                                    "Succeeded"
                                                ]
                                            },
                                            "type": "ApiConnection",
                                            "inputs": {
                                                "host": {
                                                    "connection": {
                                                        "name": "@parameters('$connections')['formrecognizer-1']['connectionId']"
                                                    }
                                                },
                                                "method": "post",
                                                "body": "@body('OCR')?['text']",
                                                "path": "/connectorinternaldocumentintelligence/documentClassifiers/@{encodeURIComponent('secure-file-classifier-all')}:analyze",
                                                "queries": {
                                                    "api-version": "2024-11-30",
                                                    "split": "none"
                                                }
                                            }
                                        }
                                    },
                                    "runAfter": {
                                        "Set_variable_from_user": [
                                            "Succeeded"
                                        ]
                                    },
                                    "else": {
                                        "actions": {
                                            "Classify_document_-_NonImage": {
                                                "type": "ApiConnection",
                                                "inputs": {
                                                    "host": {
                                                        "connection": {
                                                            "name": "@parameters('$connections')['formrecognizer-1']['connectionId']"
                                                        }
                                                    },
                                                    "method": "post",
                                                    "body": "@body('Get_blob_content')",
                                                    "path": "/connectorinternaldocumentintelligence/documentClassifiers/@{encodeURIComponent('secure-file-classifier-all')}:analyze",
                                                    "queries": {
                                                        "api-version": "2024-11-30",
                                                        "split": "none"
                                                    }
                                                }
                                            }
                                        }
                                    },
                                    "expression": {
                                        "or": [
                                            {
                                                "endsWith": [
                                                    "@encodeUriComponent(items('For_each_blob')?['Path'])",
                                                    ".jpg"
                                                ]
                                            },
                                            {
                                                "endsWith": [
                                                    "@encodeUriComponent(items('For_each_blob')?['Path'])",
                                                    ".jpeg"
                                                ]
                                            },
                                            {
                                                "endsWith": [
                                                    "@encodeUriComponent(items('For_each_blob')?['Path'])",
                                                    ".tiff"
                                                ]
                                            },
                                            {
                                                "endsWith": [
                                                    "@encodeUriComponent(items('For_each_blob')?['Path'])",
                                                    ".png"
                                                ]
                                            },
                                            {
                                                "endsWith": [
                                                    "@encodeUriComponent(items('For_each_blob')?['Path'])",
                                                    ".gif"
                                                ]
                                            }
                                        ]
                                    },
                                    "type": "If"
                                },
                                "Post_message_(V2)": {
                                    "runAfter": {
                                        "Create_SAS_URI_by_path": [
                                            "Succeeded"
                                        ]
                                    },
                                    "type": "ApiConnection",
                                    "inputs": {
                                        "host": {
                                            "connection": {
                                                "name": "@parameters('$connections')['slack']['connectionId']"
                                            }
                                        },
                                        "method": "post",
                                        "body": {
                                            "channel": "@variables('to_user')",
                                            "text": "Here is @{outputs('Get-Value')} file shared by @{variables('from_user')}.\nClick on this link to view/download the file: @{body('Create_SAS_URI_by_path')?['WebUrl']}",
                                            "as_user": true,
                                            "unfurl_links": true
                                        },
                                        "path": "/v2/chat.postMessage"
                                    }
                                },
                                "Get_blob_content": {
                                    "runAfter": {
                                        "Test-Compose": [
                                            "Succeeded"
                                        ]
                                    },
                                    "type": "ApiConnection",
                                    "inputs": {
                                        "host": {
                                            "connection": {
                                                "name": "@parameters('$connections')['azureblob']['connectionId']"
                                            }
                                        },
                                        "method": "get",
                                        "path": "/v2/datasets/@{encodeURIComponent(encodeURIComponent('https://securefileshareblob.blob.core.windows.net/'))}/files/@{encodeURIComponent(encodeURIComponent(encodeUriComponent(items('For_each_blob')?['Path'])))}/content",
                                        "queries": {
                                            "inferContentType": true
                                        }
                                    }
                                },
                                "GetEntities": {
                                    "runAfter": {
                                        "Get_blob_content": [
                                            "Succeeded"
                                        ]
                                    },
                                    "type": "ApiConnection",
                                    "inputs": {
                                        "host": {
                                            "connection": {
                                                "name": "@parameters('$connections')['azuretables']['connectionId']"
                                            }
                                        },
                                        "method": "get",
                                        "path": "/v2/storageAccounts/@{encodeURIComponent(encodeURIComponent('https://securefileshareblob.table.core.windows.net/'))}/tables/@{encodeURIComponent('webappdata')}/entities",
                                        "queries": {
                                            "$filter": "RowKey eq '@{outputs('Test-Compose')}'"
                                        }
                                    }
                                },
                                "Compose": {
                                    "runAfter": {
                                        "GetEntities": [
                                            "Succeeded"
                                        ]
                                    },
                                    "type": "Compose",
                                    "inputs": "@body('GetEntities')"
                                },
                                "Parse_JSON": {
                                    "runAfter": {
                                        "Compose": [
                                            "Succeeded"
                                        ]
                                    },
                                    "type": "ParseJson",
                                    "inputs": {
                                        "content": "@body('GetEntities')",
                                        "schema": {
                                            "type": "object",
                                            "properties": {
                                                "odata.metadata": {
                                                    "type": "string"
                                                },
                                                "value": {
                                                    "type": "array",
                                                    "items": {
                                                        "type": "object",
                                                        "properties": {
                                                            "odata.etag": {
                                                                "type": "string"
                                                            },
                                                            "PartitionKey": {
                                                                "type": "string"
                                                            },
                                                            "RowKey": {
                                                                "type": "string"
                                                            },
                                                            "Timestamp": {
                                                                "type": "string"
                                                            },
                                                            "from_user": {
                                                                "type": "string"
                                                            },
                                                            "to_user": {
                                                                "type": "string"
                                                            }
                                                        },
                                                        "required": [
                                                            "odata.etag",
                                                            "PartitionKey",
                                                            "RowKey",
                                                            "Timestamp",
                                                            "from_user",
                                                            "to_user"
                                                        ]
                                                    }
                                                }
                                            }
                                        }
                                    }
                                },
                                "Set_Variable_to_user": {
                                    "runAfter": {
                                        "Parse_JSON": [
                                            "Succeeded"
                                        ]
                                    },
                                    "type": "SetVariable",
                                    "inputs": {
                                        "name": "to_user",
                                        "value": "@body('Parse_JSON')?['value'][0]['to_user']"
                                    }
                                },
                                "Set_variable_from_user": {
                                    "runAfter": {
                                        "Set_Variable_to_user": [
                                            "Succeeded"
                                        ]
                                    },
                                    "type": "SetVariable",
                                    "inputs": {
                                        "name": "from_user",
                                        "value": "@body('Parse_JSON')?['value'][0]['from_user']"
                                    }
                                }
                            },
                            "runAfter": {
                                "InitVariable-from-user": [
                                    "Succeeded"
                                ]
                            },
                            "type": "Foreach"
                        },
                        "InitVariable-to_user": {
                            "runAfter": {},
                            "type": "InitializeVariable",
                            "inputs": {
                                "variables": [
                                    {
                                        "name": "to_user",
                                        "type": "string"
                                    }
                                ]
                            }
                        },
                        "InitVariable-from-user": {
                            "runAfter": {
                                "InitVariable-to_user": [
                                    "Succeeded"
                                ]
                            },
                            "type": "InitializeVariable",
                            "inputs": {
                                "variables": [
                                    {
                                        "name": "from_user",
                                        "type": "string"
                                    }
                                ]
                            }
                        }
                    },
                    "outputs": {}
                },
                "parameters": {
                    "$connections": {
                        "value": {
                            "azureblob": {
                                "id": "/subscriptions/e688846d-8859-48e3-9e57-6a154aae5394/providers/Microsoft.Web/locations/centralus/managedApis/azureblob",
                                "connectionId": "[resourceId('Microsoft.Web/connections', parameters('connections_azureblob_name'))]",
                                "connectionName": "azureblob",
                                "connectionProperties": {
                                    "authentication": {
                                        "type": "ManagedServiceIdentity"
                                    }
                                }
                            },
                            "azureblob-1": {
                                "id": "/subscriptions/e688846d-8859-48e3-9e57-6a154aae5394/providers/Microsoft.Web/locations/centralus/managedApis/azureblob",
                                "connectionId": "[resourceId('Microsoft.Web/connections', parameters('connections_azureblob_1_name'))]",
                                "connectionName": "azureblob-1"
                            },
                            "cognitiveservicescomputervision": {
                                "id": "/subscriptions/e688846d-8859-48e3-9e57-6a154aae5394/providers/Microsoft.Web/locations/centralus/managedApis/cognitiveservicescomputervision",
                                "connectionId": "[resourceId('Microsoft.Web/connections', parameters('connections_cognitiveservicescomputervision_name'))]",
                                "connectionName": "cognitiveservicescomputervision"
                            },
                            "formrecognizer-1": {
                                "id": "/subscriptions/e688846d-8859-48e3-9e57-6a154aae5394/providers/Microsoft.Web/locations/centralus/managedApis/formrecognizer",
                                "connectionId": "[resourceId('Microsoft.Web/connections', parameters('connections_formrecognizer_1_name'))]",
                                "connectionName": "formrecognizer-1"
                            },
                            "slack": {
                                "id": "/subscriptions/e688846d-8859-48e3-9e57-6a154aae5394/providers/Microsoft.Web/locations/centralus/managedApis/slack",
                                "connectionId": "[resourceId('Microsoft.Web/connections', parameters('connections_slack_name'))]",
                                "connectionName": "slack"
                            },
                            "azuretables": {
                                "id": "/subscriptions/e688846d-8859-48e3-9e57-6a154aae5394/providers/Microsoft.Web/locations/centralus/managedApis/azuretables",
                                "connectionId": "[resourceId('Microsoft.Web/connections', parameters('connections_azuretables_name'))]",
                                "connectionName": "azuretables",
                                "connectionProperties": {
                                    "authentication": {
                                        "type": "ManagedServiceIdentity"
                                    }
                                }
                            }
                        }
                    }
                }
            }
        }
    ]
}